categorie,nom,description,prix,frais_port,tailles,coupes,image,payhip,paypal,statut,mise_en_avant
ebook,Mécanismes & Stratégies de Prise de Force,"Les mécanismes de la force maximale et les méthodes pour la développer, appuyés sur près de 100 références scientifiques.",49.99,,,,ebook-force.jpg,https://payhip.com/b/kP8JY,,disponible,
ebook,L'Hypertrophie pour les Sports de Force,"La théorie et les outils pratiques pour programmer l'hypertrophie dans les sports de force.",49.99,,,,ebook-hypertrophie.jpg,https://payhip.com/b/A48od,,disponible,
ebook,PACK EBOOKS|Mécanismes & Stratégies de Prise de Force +  Hypertrophie pour les Sports de Force,"Les deux ebooks réunis : force maximale et hypertrophie.",74.99,,,,ebook-pack.jpg,https://payhip.com/b/xgLWa,,disponible,Meilleure offre
vetement,Sweat-Shirt Navy Blue & Blanc,"Sweat unisexe navy, logo et « Powerlifting Coaching » en blanc dans le dos.",43.99,,S|M|L|XL|XXL,,sweat_relentless_marine-fond-rouge.jpg,,rudy.vanbreusegem@hotmail.fr,disponible,
vetement,T-Shirt Rouge Noir & Blanc,"Logo bicolore et bande « Force et Honneur ». Sans marquage au dos : autorisé en compétition.",27.00,,XS|S|M|L|XL|XXL,Homme|Femme,tshirt_relentless_rouge-fond-rouge.jpg,,rudy.vanbreusegem@hotmail.fr,disponible,
vetement,T-Shirt Noir & Blanc,"Logo blanc et bande « Force et Honneur ». Sans marquage au dos : autorisé en compétition.",27.00,,XS|S|M|L|XL|XXL,Homme|Femme,tshirt_relentless_noir-fond-rouge.jpg,,rudy.vanbreusegem@hotmail.fr,disponible,
vetement,T-Shirt Blanc & Noir,"Logo noir et bande « Force et Honneur ». Sans marquage au dos : autorisé en compétition.",27.00,,XS|S|M|L|XL|XXL,Homme|Femme,tshirt_relentless_blanc-fond-rouge.jpg,,rudy.vanbreusegem@hotmail.fr,disponible,
vetement,T-Shirt OG,"Le t-shirt original, sans inscription dans le dos pour la compétition.",27.00,,XS|S|M|L|XL|XXL,Homme|Femme,tshirt_relentless_bronze-fond-rouge.jpg,,rudy.vanbreusegem@hotmail.fr,disponible,
vetement,T-Shirt A7 × Relentless,"Collaboration A7 × Relentless avec panneau grip au dos. Réservé à l'entraînement.",35.00,,,,tshirt-a7.jpg,,rudy.vanbreusegem@hotmail.fr,masque,
vetement,Article test (1 €),"Article de test pour vérifier le paiement PayPal. À supprimer avant le lancement.",1.00,,XS|S|M|L|XL|XXL,Homme|Femme,tshirt-noir.jpg,,rudy.vanbreusegem@hotmail.fr,masque,
