year,level,competition,athlete,place,categorie,note
2026,intl,Europe Master Equipé - EPF,Rudy VANBREUSEGEM,Non classé,-83 M1,
2026,nat,France Junior – FFFORCE,Mathieu BOYER,5e place,-83 Jr,
2026,nat,Championnat National Belge Junior,Flavio SCUDERI,Champion,-74,Record national Squat & Total + Sélection Europe
2026,nat,Coupe de France Universitaire,Neo NOWACZYK,Vice-Champion,-105,
2026,nat,France DC - FFForce,Lisa ASTRUC,6e place,-57,
2026,nat,France DC - FFForce,Samy LAYADI,5e place,-83,
2026,nat,France DC - FFForce,Lucas PLEDY,Vice-Champion,-66,Minima Europe
2026,nat,France DC - FFForce,Virgile MOURRAIN,Vice-Champion,-120,
2026,nat,France DC - FFForce,Cassandra FOURNIER,Vice-Championne,-69,
2026,intl,Coupe d'Europe Universitaire,Simon PLENNEVAUX,4e place,-93,
2026,nat,Championnat de France Master - FFForce,Laurent VANUCCI,3e place M2,-83,
2025,intl,Championnat du Monde Master Equipé - IPF,Rudy VANBREUSEGEM,3e place,-83,
2025,intl,Coupe du Monde Universitaire,Simon PLENNEVAUX,9e place,-93,
2025,nat,France Open – FFFORCE,Marina SOYER-BARDI,7e place,-63,
2025,intl,Championnat d'Europe Junior - EPF,Flavio SCUDERI,13e place,-74,
2025,nat,Championnat national Autrichien,Raphaela JUNGMANN,Championne,-69,Record national Deadlift
2025,nat,Championnat de France Master - FFForce,Florent BRIGANTI,3e place M1,-105,
2025,nat,Championnat de France Master - FFForce,Adrien PLASTRE,Vice-Champion M1,-120,
2025,intl,Championnat d'Europe Master Equipé - EPF,Rudy VANBREUSEGEM,3e place M1,-83,
2025,nat,Championnat National Belge Junior,Simon PLENNEVAUX,3e place,-93,
2025,nat,Coupe de France Universitaire,Neo NOWACZYK,Vice-Champion,-105,
2025,nat,France DC - FFForce,Virgile MOURRAIN,Vice-Champion,-120,
2025,nat,France DC - FFForce,Nicolas RIVIERE,Vice-Champion,-74,
2025,nat,France DC - FFForce,Florian MABIRE,5e place,-66,
2024,nat,France Open – FFFORCE,Pauline LE BRAS,Vice-Championne,-69,
2024,nat,France Open – FFFORCE,Marina SOYER-BARDI,4e place,-63,
2024,nat,France Open – FFFORCE,Carole LEBELLEC,13e place,-57,
2024,nat,France Open – FFFORCE,Maxime LABARDIN,18e place,-105,
2024,nat,France Open – FFFORCE,Théo BRILLANTI,16e place,-105,
2024,nat,France DC – FFFORCE,Julie BREDOLESE,5e place,Open -63,
2024,nat,France DC – FFFORCE,Virgile MOURRAIN,5e place,Open -120,
2024,nat,France Junior – FFFORCE,Victor VIOLETTE,Vice-Champion,-93 SubJr,Minima monde + Podium indice
2024,nat,France Junior – FFFORCE,Mani MESSOUSSA,5e place,-93 Jr,
2024,nat,France Junior – FFFORCE,Clay ANDRÉ,Hors match,-83 SubJr,
2024,nat,France Junior – FFFORCE,Matéo TUQUET,Compétiteur,-83 Jr,
2024,nat,Championnat Autrichien – IPF,Raphaela JUNGMANN,Championne,-69,Records natio. Squat Bench & Total + Sélection Autriche
2024,intl,Coupe d'Europe Universitaire – EPF/IPF,Cassandra FOURNIER,Vice-Championne,-76,
2024,intl,Championnat d'Europe Open – EPF/IPF,Valentin FRUCHARD,Vice-Champion d'Europe,-66,
2024,intl,Championnat d'Europe Open – EPF/IPF,Joël VANHEVEL,8e place,-105,
2024,intl,Championnat d'Europe Open – EPF/IPF,Raphaela JUNGMANN,6e place,-69,
2024,intl,Championnat du Monde Open – IPF,Joël VANHEVEL,13e place,-105,
2023,nat,France Open – FFFORCE,Pauline LE BRAS,Vice-Championne,-69,
2023,nat,France Open – FFFORCE,Valentin FRUCHARD,Vice-Champion,-66,
2023,nat,France Open – FFFORCE,Marina SOYER-BARDI,4e place,-63,
2023,nat,France Open – FFFORCE,Cassandra FOURNIER,5e place,-76,
2023,nat,France Open – FFFORCE,Marion QUEMIN,8e place,-69,
2023,nat,France Open – FFFORCE,Théo BRILLANTI,9e place,-105,
2023,nat,France DC – FFFORCE,Cassandra FOURNIER,Vice-Championne,-76,
2023,nat,France DC – FFFORCE,Lucien REYNOLD,3e place,+120,
2023,nat,France DC – FFFORCE,Virgile MOURRAIN,Vice-Champion,-120,
2023,nat,Championnats Belge & Autrichien – IPF,Joël VANHEVEL,Vice-Champion Belge,-105,
2023,nat,Championnats Belge & Autrichien – IPF,Raphaela JUNGMANN,Championne Autriche,-69,3 mouvements + DC
2023,intl,Coupe des Pyrénées & Coupe de l'Ouest – EPF/IPF,Marina SOYER-BARDI,2e place à l'indice,,Coupe des Pyrénées
2023,intl,Coupe des Pyrénées & Coupe de l'Ouest – EPF/IPF,Joël VANHEVEL,Vice-Champion,-105,Coupe de l'Ouest
2023,intl,Championnat d'Europe Open – EPF/IPF,Pauline LE BRAS,5e place,-69,
2022,nat,France Open – FFFORCE,Pauline LE BRAS,Vice-Championne,-69,Sélection Europe
2022,nat,France Open – FFFORCE,Valentin FRUCHARD,Vice-Champion,-66,Collectif France
2022,nat,France Open – FFFORCE,Julie FRANCH-GUERRA,3e place,-84,Record de France DC
2022,nat,France Open – FFFORCE,Audrey ANCELIN,4e place,-63,
2022,nat,France Open – FFFORCE,Clément BRET,4e place,-105,
2022,nat,France DC – FFFORCE,Julie FRANCH-GUERRA,Championne,-84,1ère indice + Record de France + Sélection Monde
2022,nat,France DC – FFFORCE,Meriem BOUDERSA,3e place,-69,
2022,nat,France DC – FFFORCE,Virgile MOURRAIN,3e place,-120,
2022,intl,Championnat d'Europe DC – EPF/IPF,Julie FRANCH-GUERRA,Vice-Championne d'Europe,-84,
2022,intl,Coupe d'Europe de l'Ouest – EPF/IPF,Pauline LE BRAS,Championne,-69,Minima Monde + Records Squat & Total
2022,intl,Arnold Classic & Championnat d'Europe – EPF/IPF,Valentin FRUCHARD,Vice-Champion d'Europe,Open -66,Médaille Argent Squat + Médaille Argent Bench
2022,intl,Arnold Classic & Championnat d'Europe – EPF/IPF,Joël VANHEVEL,16e place,Open -105,Minima Monde (Belgique)
2021,nat,France Open – FFFORCE,Pauline LE BRAS,3e place,-72,Sélection Europe
2021,nat,France Open – FFFORCE,Julie FRANCH-GUERRA,3e place,-84,Record de France DC
2021,nat,France Open – FFFORCE,Marion QUEMIN,5e place,-72,
2021,nat,France Open – FFFORCE,Audrey ANCELIN,6e place,-57,
2021,nat,France Junior – FFFORCE,Marina SOYER-BARDI,Vice-Championne,-57,Record France Deadlift + Minima Europe
2021,nat,France Junior – FFFORCE,Valentin FRUCHARD,1ère place hors-match,-66,Sélection Europe
2021,nat,France Junior – FFFORCE,Andrea BONETTO,Vice-Champion,-74,Sélection Monde
2021,nat,France DC & Championnats Belge – FFFORCE / IPF,Julie FRANCH-GUERRA,Championne,-84,Record de France + Sélection Europe
2021,nat,France DC & Championnats Belge – FFFORCE / IPF,Théo BRILLANTI,Vice-Champion,-105,
2021,nat,France DC & Championnats Belge – FFFORCE / IPF,Florian LORY,3e place Belge,Open -83,
2021,nat,France DC & Championnats Belge – FFFORCE / IPF,Maxime GODFROID,3e place Belge,Open -74,
2021,intl,Coupe d'Europe de l'Ouest – EPF/IPF,Pauline LE BRAS,Championne,-69,Record d'Europe au Squat
2021,intl,Championnat d'Europe – EPF/IPF,Pauline LE BRAS,5e place,-69,
2021,intl,Championnat d'Europe – EPF/IPF,Valentin FRUCHARD,5e place,-66,
2021,intl,Championnat d'Europe – EPF/IPF,Florian LORY,15e place,-83,
2019,intl ,Coupe du Monde Universitaire,Sofyann AIT-NACEUR,6e place,-93,
2019,intl,Coupe du Monde Universitaire,Nicolas AME,8e place,-66,
2019,intl,Coupe du Monde Universitaire,Victoria POLLASTRI,8e place,-57,
2019,nat,France Junior – FFFORCE,Théo BRILLANTI,Vice-Champion,-105,
2019,nat,France Open – FFFORCE,Pauline LE BRAS,Vice-Championne,-72,Record de France au Squat
2019,nat,France Open – FFFORCE,Xavier BARSOTTI,7e place,-83,
2019,nat,France Open – FFFORCE,Sofyann AIT-NACEUR,4e place,-93,
